frame,sec,pid,proba
592,39.46666666666667,4,0.5346099734306335
