frame,sec,pid,proba
352,23.466666666666665,1,0.8457858562469482
456,30.4,3,0.9950894713401794
752,50.13333333333333,4,0.5048415064811707
800,53.333333333333336,5,0.7269912362098694
